{"rmse": 0.9121504102778281, "mae": 0.7037500993079704}